{
    "name": "Global Information",
    "numberOfRequests": {
        "total": 75150,
        "ok": 32078,
        "ko": 43072
    },
    "minResponseTime": {
        "total": 13,
        "ok": 13,
        "ko": 21
    },
    "maxResponseTime": {
        "total": 311536,
        "ok": 273157,
        "ko": 311536
    },
    "meanResponseTime": {
        "total": 91943,
        "ok": 39274,
        "ko": 131168
    },
    "standardDeviation": {
        "total": 68302,
        "ok": 43145,
        "ko": 56112
    },
    "percentiles1": {
        "total": 77659,
        "ok": 27525,
        "ko": 133959
    },
    "percentiles2": {
        "total": 147329,
        "ok": 39342,
        "ko": 181190
    },
    "percentiles3": {
        "total": 210962,
        "ok": 141564,
        "ko": 218593
    },
    "percentiles4": {
        "total": 230049,
        "ok": 195981,
        "ko": 233873
    },
    "group1": {
    "name": "t < 800 ms",
    "count": 544,
    "percentage": 1
},
    "group2": {
    "name": "800 ms < t < 1200 ms",
    "count": 219,
    "percentage": 0
},
    "group3": {
    "name": "t > 1200 ms",
    "count": 31315,
    "percentage": 42
},
    "group4": {
    "name": "failed",
    "count": 43072,
    "percentage": 57
},
    "meanNumberOfRequestsPerSecond": {
        "total": 115.97222222222223,
        "ok": 49.50308641975309,
        "ko": 66.46913580246914
    }
}